district_id,date,rolling_7d_avg_cases,wow_change_pct,cases_per_1000,rainfall_7d_sum,temp_deviation,anomaly_flag,humidity,hospital_load,outbreak_label
1,2026-03-11,228.0,0.0,0.08993614533681087,0.0,4.713333333333331,0,96.0,0.71,0
1,2026-03-12,174.0,0.0,0.04577107396605553,5.5,1.1133333333333333,0,94.0,0.56,0
1,2026-03-13,179.33333333333334,0.0,0.07508062133028408,5.5,1.8133333333333326,0,92.0,0.6,0
1,2026-03-14,175.0,0.0,0.06464160446083281,5.5,0.913333333333334,0,77.0,0.65,0
1,2026-03-15,185.2,0.0,0.0546040882402066,15.3,-4.186666666666667,0,97.0,0.55,0
1,2026-03-16,286.1666666666667,0.0,0.12727570567754037,32.3,-6.986666666666668,0,95.0,0.75,0
1,2026-03-17,287.85714285714283,0.0,0.057816093430806986,32.3,-0.586666666666666,0,92.0,0.64,0
1,2026-03-18,274.14285714285717,-0.42105263157894735,0.05099058240078116,35.3,-6.386666666666667,0,88.0,0.58,0
1,2026-03-19,276.14285714285717,0.1166666666666667,0.051392083049606206,40.9,-7.286666666666669,0,97.0,0.56,0
1,2026-03-20,281.14285714285717,0.18421052631578938,0.08993614533681087,48.1,-4.086666666666666,0,98.0,0.71,0
1,2026-03-21,320.0,1.6790123456790123,0.11402618426631378,48.1,-2.286666666666669,0,96.0,0.72,0
1,2026-03-22,326.57142857142856,0.20353982300884965,0.10800367453393805,38.3,-0.3866666666666667,0,92.0,0.73,0
1,2026-03-23,232.0,-0.8369152970922882,0.05018758110313106,21.8,1.1133333333333333,0,89.0,0.57,0
1,2026-03-24,244.14285714285714,0.28523489932885915,0.11482918556396388,21.8,3.013333333333332,0,94.0,0.71,0
1,2026-03-25,276.14285714285717,1.6969696969696968,0.10157966415273727,18.8,2.8133333333333326,0,93.0,0.71,0
1,2026-03-26,310.7142857142857,1.8059701492537314,0.09917066025978698,7.9,2.213333333333331,0,86.0,0.67,0
1,2026-03-27,313.0,0.07111111111111112,0.0943526524738864,0.7,1.6133333333333333,0,86.0,0.72,0
1,2026-03-28,292.57142857142856,-0.32949308755760365,0.11563218686161397,0.7,3.213333333333331,0,82.0,0.78,0
1,2026-03-29,285.14285714285717,-0.19117647058823528,0.08632263949738543,5.8,1.2133333333333312,0,91.0,0.69,0
1,2026-03-30,293.0,0.4263565891472869,0.07106561484203358,12.6,3.413333333333334,0,89.0,0.67,0
1,2026-03-31,266.85714285714283,-0.4778067885117493,0.07829262652088446,12.9,3.413333333333334,0,90.0,0.68,1
1,2026-04-01,249.28571428571428,-0.3455056179775281,0.0654446057584829,12.9,2.213333333333331,0,81.0,0.57,1
1,2026-04-02,233.57142857142858,-0.29255319148936165,0.10599617128981281,12.700000000000001,6.213333333333331,0,79.0,0.74,1
1,2026-04-03,221.42857142857142,-0.3526970954356846,0.060626597972582325,23.4,-3.286666666666669,0,95.0,0.64,1
1,2026-04-04,224.14285714285714,0.06529209621993126,0.1224576978916398,30.5,-1.586666666666666,0,97.0,0.8,1
1,2026-04-05,211.57142857142858,-0.4,0.05058908175195611,25.4,2.013333333333332,0,96.0,0.6,1
1,2026-04-06,367.42857142857144,5.929347826086956,0.06825511030025824,58.1,3.213333333333331,1,83.0,0.63,1
1,2026-04-07,481.0,3.9749999999999996,0.07748962522323437,113.0,-2.086666666666666,0,91.0,0.69,1
1,2026-04-08,602.0,3.6351931330472107,0.08471663690208524,156.9,-3.3866666666666667,1,96.0,0.67,1
1,2026-04-09,712.5714285714286,2.9097744360902253,0.0521950843472563,197.3,-1.6866666666666674,1,97.0,0.55,0
2,2026-03-11,206.0,0.0,0.34423292310844006,0.0,5.823333333333331,0,93.0,0.61,1
2,2026-03-12,295.0,0.0,0.44834239253635855,1.5,3.0233333333333334,0,84.0,0.67,0
2,2026-03-13,348.0,0.0,0.31400759327452826,1.5,1.1233333333333348,0,94.0,0.62,0
2,2026-03-14,298.0,0.0,0.24180263867129448,1.5,1.3233333333333341,0,82.0,0.55,0
2,2026-03-15,280.6,0.0,0.34423292310844006,22.9,-2.876666666666665,0,92.0,0.7,0
2,2026-03-16,284.5,0.0,0.49871794225954486,23.299999999999997,-5.576666666666668,0,96.0,0.74,0
2,2026-03-17,280.57142857142856,0.0,0.42315461767476537,23.299999999999997,-2.176666666666666,0,90.0,0.7,0
2,2026-03-18,311.2857142857143,1.0436893203883497,0.537339197047321,23.7,-3.376666666666665,0,84.0,0.77,0
2,2026-03-19,297.0,-0.26041666666666663,0.4651342424440873,52.4,-7.076666666666668,0,98.0,0.76,0
2,2026-03-20,254.28571428571428,-0.6585903083700441,0.2552361185974775,58.3,-6.576666666666668,0,99.0,0.64,0
2,2026-03-21,311.85714285714283,2.722972972972973,0.48528446233336187,58.3,-2.576666666666668,0,98.0,0.75,0
2,2026-03-22,307.14285714285717,-0.1563981042654028,0.2955365583760266,36.9,-0.9766666666666666,0,93.0,0.67,0
2,2026-03-23,339.42857142857144,0.743421052631579,0.5071138672134092,36.9,-0.6766666666666659,0,89.0,0.73,0
2,2026-03-24,339.42857142857144,0.0,0.428192172647084,36.9,2.2233333333333327,0,88.0,0.7,0
2,2026-03-25,297.14285714285717,-0.7030878859857482,0.20318138388351828,36.5,2.823333333333334,0,89.0,0.61,0
2,2026-03-26,279.57142857142856,-0.43309859154929575,0.26195285856056905,6.4,2.923333333333332,0,83.0,0.62,0
2,2026-03-27,301.85714285714283,1.0064516129032257,0.5155097921672737,0.7000000000000001,0.12333333333333485,0,84.0,0.78,0
2,2026-03-28,254.14285714285714,-0.6061705989110708,0.35430803305307734,0.7000000000000001,3.123333333333335,0,86.0,0.62,0
2,2026-03-29,264.7142857142857,0.4157303370786516,0.4197962476932196,2.8000000000000003,1.5233333333333334,0,78.0,0.74,0
2,2026-03-30,277.42857142857144,0.16792452830188687,0.4097211377485823,3.0000000000000004,3.5233333333333334,0,93.0,0.65,0
2,2026-03-31,266.14285714285717,-0.30739299610894943,0.2938573733852537,3.4000000000000004,2.2233333333333327,0,89.0,0.61,1
2,2026-04-01,269.0,0.15999999999999992,0.2334067137174301,3.4000000000000004,0.6233333333333348,0,90.0,0.61,1
2,2026-04-02,290.57142857142856,0.9378881987577641,0.5171889771580466,3.7,4.323333333333331,0,81.0,0.72,1
2,2026-04-03,276.85714285714283,-0.3086816720257235,0.3559872180438502,15.1,-0.47666666666666657,0,97.0,0.63,1
2,2026-04-04,276.0,-0.027649769585253448,0.3475912930899858,17.9,0.8233333333333341,0,97.0,0.68,1
2,2026-04-05,272.57142857142856,-0.09523809523809523,0.372779067951579,15.8,1.1233333333333348,0,95.0,0.69,1
2,2026-04-06,332.0,0.6720516962843295,0.2535569336067046,55.300000000000004,2.923333333333332,0,76.0,0.64,1
2,2026-04-07,577.2857142857143,9.646067415730338,0.3627039580069417,104.7,-2.4766666666666666,1,94.0,0.63,1
2,2026-04-08,840.8571428571429,12.724137931034482,0.26699041353288766,145.9,-3.576666666666668,1,97.0,0.59,0
2,2026-04-09,967.0,2.8301282051282053,0.3929292878408535,187.1,-1.1766666666666659,0,94.0,0.71,0
3,2026-03-11,339.0,0.0,0.24342377702958173,0.0,5.513333333333335,0,85.0,0.76,0
3,2026-03-12,288.5,0.0,0.1692443420176086,0.0,2.213333333333331,0,85.0,0.7,1
3,2026-03-13,307.0,0.0,0.244864154408455,0.0,0.8133333333333326,0,94.0,0.77,0
3,2026-03-14,320.25,0.0,0.2563871734394411,0.0,2.1133333333333333,0,81.0,0.82,0
3,2026-03-15,297.2,0.0,0.1425973605084532,10.1,-0.8866666666666667,0,93.0,0.69,0
3,2026-03-16,287.5,0.0,0.17068471939648186,10.1,-4.286666666666669,0,92.0,0.71,0
3,2026-03-17,336.7142857142857,0.0,0.19085000270070757,10.1,-2.3866666666666667,1,88.0,0.67,0
3,2026-03-18,340.2857142857143,0.07374631268436582,0.25926792819718764,10.1,-3.8866666666666667,0,81.0,0.85,0
3,2026-03-19,396.42857142857144,1.6512605042016806,0.19445094614789074,32.4,-7.486666666666668,1,97.0,0.73,0
3,2026-03-20,388.57142857142856,-0.1598837209302325,0.2066941538683135,33.6,-5.986666666666668,0,99.0,0.76,0
3,2026-03-21,361.0,-0.5361111111111111,0.1159503789992978,33.6,-3.086666666666666,0,96.0,0.6,0
3,2026-03-22,361.2857142857143,0.009756097560975618,0.09434471831619884,23.5,-0.9866666666666681,0,93.0,0.56,0
3,2026-03-23,393.85714285714283,0.9539748953974896,0.2319007579985956,24.2,-0.28666666666666885,0,90.0,0.74,0
3,2026-03-24,350.2857142857143,-0.4825949367088608,0.23262094668803224,24.200000000000003,2.513333333333332,0,89.0,0.76,0
3,2026-03-25,345.42857142857144,-0.09340659340659341,0.2319007579985956,24.200000000000003,2.8133333333333326,0,88.0,0.79,0
3,2026-03-26,291.57142857142856,-0.5974643423137876,0.17932698366972147,2.1,2.8133333333333326,0,81.0,0.72,0
3,2026-03-27,284.85714285714283,-0.16262975778546718,0.17068471939648186,0.8999999999999999,0.5133333333333319,0,85.0,0.7,0
3,2026-03-28,373.85714285714283,3.730538922155689,0.27007075853873713,0.8999999999999999,3.913333333333334,1,85.0,0.82,0
3,2026-03-29,375.0,0.03864734299516903,0.14979924740281952,1.2,2.6133333333333333,0,76.0,0.66,0
3,2026-03-30,355.7142857142857,-0.28907922912205564,0.09722547307394537,0.6,3.913333333333334,0,86.0,0.61,0
3,2026-03-31,357.0,0.02752293577981657,0.24054302227183522,1.9,1.913333333333334,0,82.0,0.73,0
3,2026-04-01,333.2857142857143,-0.503030303030303,0.11667056768873445,2.0,0.3133333333333326,0,90.0,0.63,0
3,2026-04-02,352.14285714285717,0.5196850393700787,0.27511207936479354,3.5,4.013333333333335,0,81.0,0.82,0
3,2026-04-03,356.57142857142856,0.12809917355371891,0.1001062278316919,13.3,-2.286666666666669,0,95.0,0.62,0
3,2026-04-04,266.42857142857144,-0.7987341772151899,0.11451000162042455,20.1,0.11333333333333329,0,97.0,0.59,0
3,2026-04-05,267.85714285714283,0.04651162790697683,0.1598818890549324,19.9,0.5133333333333319,0,94.0,0.72,0
3,2026-04-06,240.42857142857142,-0.5783132530120482,0.1001062278316919,19.8,2.213333333333331,0,76.0,0.64,0
3,2026-04-07,239.42857142857142,-0.02083333333333337,0.23406132406690552,28.1,-2.8866666666666667,0,94.0,0.78,0
3,2026-04-08,263.14285714285717,1.0121951219512195,0.23406132406690552,28.0,-3.286666666666669,0,97.0,0.8,0
3,2026-04-09,256.85714285714283,-0.11398963730569944,0.24342377702958173,26.8,-1.086666666666666,0,95.0,0.76,0
4,2026-03-11,417.0,0.0,0.341695978027815,0.0,5.699999999999999,0,85.0,0.64,0
4,2026-03-12,289.0,0.0,0.251008893811902,0.0,1.9000000000000021,0,95.0,0.6,1
4,2026-03-13,241.0,0.0,0.22995653497606508,0.0,1.1000000000000014,0,93.0,0.63,1
4,2026-03-14,256.75,0.0,0.4793460165698258,0.0,2.6999999999999993,0,82.0,0.76,1
4,2026-03-15,252.4,0.0,0.37246481017249977,18.8,-1.3999999999999986,0,94.0,0.68,1
4,2026-03-16,266.3333333333333,0.0,0.5360254442047714,18.8,-5.199999999999999,0,95.0,0.78,1
4,2026-03-17,279.42857142857144,0.0,0.5748913374401626,18.8,-1.8000000000000007,0,92.0,0.83,0
4,2026-03-18,271.14285714285717,-0.1390887290167866,0.5732719252220214,19.400000000000002,-4.699999999999999,0,87.0,0.82,0
4,2026-03-19,321.85714285714283,2.2049689440993787,0.5246895586777823,45.400000000000006,-7.199999999999999,0,97.0,0.74,0
4,2026-03-20,399.42857142857144,3.7448275862068963,0.5052566120600867,46.5,-5.099999999999998,1,97.0,0.77,0
4,2026-03-21,387.7142857142857,-0.26973684210526316,0.2396730082849129,46.5,-3.099999999999998,0,96.0,0.57,0
4,2026-03-22,396.14285714285717,0.25106382978723407,0.46639071882469535,27.700000000000003,-0.8999999999999986,0,92.0,0.69,0
4,2026-03-23,406.85714285714283,0.2232142857142858,0.6526231239109452,27.900000000000002,0.3000000000000007,0,89.0,0.8,0
4,2026-03-24,380.2857142857143,-0.5195530726256983,0.27206125264773895,27.900000000000002,3.0,0,89.0,0.6,0
4,2026-03-25,374.7142857142857,-0.10863509749303624,0.506876024278228,27.3,2.8000000000000007,0,87.0,0.72,0
4,2026-03-26,334.7142857142857,-0.5426356589147288,0.22833712275792378,1.7000000000000002,2.0,0,82.0,0.6,0
4,2026-03-27,287.42857142857144,-0.48110465116279066,0.5748913374401626,0.6000000000000001,1.1000000000000014,0,83.0,0.83,0
4,2026-03-28,310.85714285714283,0.7387387387387387,0.6234737039844018,0.6000000000000001,4.0000000000000036,0,83.0,0.83,0
4,2026-03-29,308.57142857142856,-0.05442176870748294,0.2493894815937607,1.1,2.1000000000000014,0,79.0,0.6,0
4,2026-03-30,289.85714285714283,-0.318734793187348,0.2445312449393368,3.3,3.3000000000000007,0,88.0,0.59,0
4,2026-03-31,302.14285714285717,0.5,0.4113307034078911,4.4,2.6000000000000014,0,84.0,0.69,0
4,2026-04-01,332.14285714285717,0.65625,0.5619360396950323,4.4,0.9000000000000021,0,87.0,0.82,0
4,2026-04-02,344.0,0.35169491525423724,0.5133536731507932,4.9,3.8000000000000007,0,77.0,0.75,0
4,2026-04-03,352.57142857142856,0.16806722689075637,0.6688172460923583,22.6,-2.099999999999998,0,97.0,0.86,0
4,2026-04-04,352.7142857142857,0.002590673575129543,0.625093116202543,30.799999999999997,-1.5,0,98.0,0.8,0
4,2026-04-05,367.14285714285717,0.3633093525179856,0.60889899402113,30.299999999999997,0.40000000000000213,0,94.0,0.83,0
4,2026-04-06,379.42857142857144,0.30714285714285716,0.5894660474034344,27.9,2.8000000000000007,0,79.0,0.82,0
4,2026-04-07,385.2857142857143,0.1589147286821706,0.3514124513366628,37.3,-3.6999999999999993,0,95.0,0.72,0
4,2026-04-08,355.42857142857144,-0.39433962264150946,0.5133536731507932,37.3,-3.3000000000000007,0,97.0,0.75,0
4,2026-04-09,369.57142857142856,0.31034482758620685,0.6720560705286409,36.5,-0.5,0,91.0,0.9,0
5,2026-03-11,161.0,0.0,0.2599293858501774,0.0,5.526666666666664,0,95.0,0.56,1
5,2026-03-12,197.0,0.0,0.37489815266852505,0.0,3.826666666666668,0,81.0,0.72,1
5,2026-03-13,265.6666666666667,0.0,0.6714842467796248,0.0,2.0266666666666673,0,88.0,0.81,1
5,2026-03-14,353.25,0.0,0.5065290596054738,0.0,1.2266666666666666,0,80.0,0.75,0
5,2026-03-15,346.8,0.0,0.33157658836016213,8.9,-4.873333333333335,0,91.0,0.6,0
5,2026-03-16,362.6666666666667,0.0,0.7314679512065889,11.4,-7.073333333333334,0,92.0,0.92,0
5,2026-03-17,354.42857142857144,0.0,0.5048628455936137,11.4,-1.673333333333332,0,87.0,0.72,0
5,2026-03-18,380.7142857142857,1.1428571428571428,0.5648465500205777,11.4,-1.8733333333333348,0,93.0,0.84,0
5,2026-03-19,434.0,1.6008583690987126,0.509861487629194,14.0,-6.073333333333334,0,98.0,0.75,0
5,2026-03-20,411.57142857142856,-0.38957816377171217,0.40489000488200705,19.3,-9.173333333333332,0,99.0,0.69,0
5,2026-03-21,380.57142857142856,-0.3522727272727273,0.6564883206728839,19.3,-2.673333333333332,0,100.0,0.8,0
5,2026-03-22,405.42857142857144,0.5420560747663552,0.5815086901391788,10.4,-0.9733333333333327,0,96.0,0.79,0
5,2026-03-23,441.85714285714283,0.5769230769230769,0.6298288964831221,8.9,-1.173333333333332,0,93.0,0.86,0
5,2026-03-24,428.0,-0.31803278688524594,0.3415738724313228,8.9,1.326666666666668,0,92.0,0.69,0
5,2026-03-25,417.57142857142856,-0.2115942028985507,0.44987778320223004,8.9,2.326666666666668,0,93.0,0.7,0
5,2026-03-26,357.14285714285717,-0.698019801980198,0.29991852213482,6.500000000000001,3.326666666666668,0,81.0,0.64,0
5,2026-03-27,344.57142857142856,-0.3577235772357723,0.25659695782645714,1.6,0.026666666666667282,0,82.0,0.64,0
5,2026-03-28,311.42857142857144,-0.581453634085213,0.27159288393319814,1.6,2.326666666666668,0,90.0,0.62,0
5,2026-03-29,296.42857142857144,-0.21212121212121215,0.6364937525305625,4.2,0.326666666666668,0,87.0,0.83,0
5,2026-03-30,238.42857142857142,-0.5824964131994261,0.48153584942757216,3.7,2.5266666666666673,0,93.0,0.79,1
5,2026-03-31,243.57142857142858,0.17307692307692313,0.3965589348227065,3.7,3.5266666666666673,0,94.0,0.66,1
5,2026-04-01,263.85714285714283,0.5220588235294117,0.6864801728863659,3.9000000000000004,1.9266666666666659,0,83.0,0.88,1
5,2026-04-02,283.57142857142856,0.7540983606557377,0.5265236277477952,3.7,5.826666666666668,0,79.0,0.79,1
5,2026-04-03,293.0,0.4177215189873418,0.36490086859736437,6.4,0.22666666666666657,0,90.0,0.69,1
5,2026-04-04,315.42857142857144,0.9401197604790419,0.5365209118189559,13.7,1.0266666666666673,0,91.0,0.74,1
5,2026-04-05,379.14285714285717,1.1435897435897435,0.734800379230309,11.8,2.426666666666666,0,87.0,0.91,1
5,2026-04-06,412.14285714285717,0.7938144329896908,0.3349090163838824,26.4,3.326666666666668,0,85.0,0.66,1
5,2026-04-07,451.85714285714283,1.139344262295082,0.3399076584194627,55.3,-1.2733333333333334,0,94.0,0.7,1
5,2026-04-08,474.42857142857144,0.3816425120772946,0.2915874520755195,80.19999999999999,-4.673333333333332,0,93.0,0.59,1
5,2026-04-09,590.7142857142857,2.5358255451713396,0.7497963053370501,95.69999999999999,-1.5733333333333341,1,96.0,0.88,0
6,2026-03-11,312.0,0.0,0.258368820220198,0.0,5.579999999999998,0,76.0,0.76,0
6,2026-03-12,496.5,0.0,0.3490096850187593,0.0,1.9800000000000004,0,91.0,0.9,0
6,2026-03-13,531.6666666666666,0.0,0.36425768096618083,0.0,2.0799999999999983,0,89.0,0.85,0
6,2026-03-14,506.0,0.0,0.36002212653634147,0.0,3.5799999999999983,0,77.0,0.86,0
6,2026-03-15,490.8,0.0,0.35917501565037363,4.0,0.0799999999999983,0,89.0,0.86,0
6,2026-03-16,468.3333333333333,0.0,0.23126127186922643,4.0,-2.3200000000000003,0,94.0,0.72,0
6,2026-03-17,428.0,0.0,0.15586840301808666,4.0,-1.3200000000000003,0,86.0,0.68,0
6,2026-03-18,442.7142857142857,0.33012820512820507,0.3456212414748878,5.9,-6.920000000000002,0,82.0,0.86,0
6,2026-03-19,432.0,-0.11013215859030834,0.20161239086035124,25.4,-8.620000000000001,0,96.0,0.71,0
6,2026-03-20,398.14285714285717,-0.393687707641196,0.307501251606334,25.799999999999997,-4.620000000000001,0,98.0,0.83,0
6,2026-03-21,368.14285714285717,-0.4895104895104895,0.18128172959712255,26.4,-3.620000000000001,0,91.0,0.7,0
6,2026-03-22,352.14285714285717,-0.26046511627906976,0.2651457073079409,22.4,-1.120000000000001,0,91.0,0.76,0
6,2026-03-23,366.85714285714283,0.2893258426966292,0.3871296748873131,22.7,0.7800000000000011,0,90.0,0.9,0
6,2026-03-24,379.85714285714283,0.489247311827957,0.23126127186922643,22.7,3.1799999999999997,0,88.0,0.7,0
6,2026-03-25,366.57142857142856,-0.2240963855421687,0.16772795542163674,20.8,2.1799999999999997,0,86.0,0.61,0
6,2026-03-26,341.57142857142856,-0.2887788778877888,0.3625634591942451,1.8,1.7800000000000011,0,78.0,0.89,0
6,2026-03-27,326.42857142857144,-0.2904109589041096,0.21940171946567635,1.4,1.1799999999999997,0,85.0,0.75,1
6,2026-03-28,379.7142857142857,1.7031963470319633,0.22194305212357993,0.8,4.380000000000003,0,82.0,0.74,0
6,2026-03-29,376.14285714285717,-0.07861635220125784,0.15925684656195813,2.9000000000000004,3.3800000000000026,0,79.0,0.64,0
6,2026-03-30,340.14285714285717,-0.5490196078431373,0.1728106207374439,6.2,2.280000000000001,0,79.0,0.7,1
6,2026-03-31,349.7142857142857,0.24187725631768964,0.2880177012290732,7.0,3.280000000000001,0,79.0,0.76,1
6,2026-04-01,443.14285714285717,2.031055900621118,0.39305945108908813,7.0,0.7800000000000011,1,81.0,0.91,0
6,2026-04-02,428.14285714285717,-0.24361948955916468,0.2744639270535874,10.4,2.5799999999999983,0,83.0,0.79,0
6,2026-04-03,506.42857142857144,2.115830115830116,0.31004258426423764,23.6,-0.9200000000000017,0,93.0,0.87,0
6,2026-04-04,466.2857142857143,-0.47466216216216217,0.258368820220198,24.0,-0.4200000000000017,0,97.0,0.78,0
6,2026-04-05,533.0,1.5938566552901023,0.3235963584397234,21.9,0.0799999999999983,0,94.0,0.85,0
6,2026-04-06,570.4285714285714,1.2657004830917873,0.3964478946329596,18.8,1.879999999999999,0,76.0,0.88,0
6,2026-04-07,548.2857142857143,-0.45058139534883723,0.15671551390405453,27.0,-6.52,0,92.0,0.63,0
6,2026-04-08,472.85714285714283,-0.540983606557377,0.3778114551416666,29.1,-3.5199999999999996,0,97.0,0.87,0
6,2026-04-09,494.57142857142856,0.4662576687116564,0.21770749769374062,25.200000000000003,-1.120000000000001,0,91.0,0.71,0
7,2026-03-11,483.0,0.0,0.23705394677572134,0.0,4.603333333333332,0,91.0,0.92,0
7,2026-03-12,597.0,0.0,0.20009127316204336,1.8,1.5033333333333339,0,93.0,0.87,0
7,2026-03-13,475.3333333333333,0.0,0.11285936343376338,1.8,1.403333333333336,0,91.0,0.69,0
7,2026-03-14,445.0,0.0,0.17298531251201285,1.8,2.503333333333334,0,85.0,0.8,0
7,2026-03-15,440.8,0.0,0.2064981365884142,16.9,-1.7966666666666669,0,93.0,0.88,0
7,2026-03-16,440.5,0.0,0.21487634260751456,19.5,-5.796666666666667,0,96.0,0.89,0
7,2026-03-17,406.0,0.0,0.09511728009919795,19.5,-1.2966666666666669,0,93.0,0.6,0
7,2026-03-18,398.57142857142856,-0.10766045548654246,0.21093365742205558,22.0,-5.896666666666665,0,86.0,0.84,0
7,2026-03-19,337.57142857142856,-0.6005625879043601,0.13897965278742913,39.0,-7.696666666666665,0,96.0,0.73,0
7,2026-03-20,382.2857142857143,1.3491379310344827,0.16066442130745354,39.9,-4.496666666666666,0,98.0,0.82,0
7,2026-03-21,480.0,1.9322033898305087,0.20945515047750846,39.9,-2.496666666666666,0,96.0,0.9,0
7,2026-03-22,459.0,-0.3466981132075472,0.13454413195378778,24.799999999999997,-1.4966666666666661,0,91.0,0.69,0
7,2026-03-23,429.57142857142856,-0.46924829157175396,0.11187369213739863,22.2,0.8033333333333346,0,89.0,0.65,0
7,2026-03-24,460.85714285714283,1.100502512562814,0.20354112269931998,22.2,3.403333333333336,0,90.0,0.87,0
7,2026-03-25,460.14285714285717,-0.011600928074245953,0.20945515047750846,19.7,2.703333333333333,0,84.0,0.89,0
7,2026-03-26,451.42857142857144,-0.21478873239436624,0.1069453356555749,1.7000000000000002,2.1033333333333353,0,84.0,0.63,0
7,2026-03-27,440.42857142857144,-0.14128440366972472,0.22916857640480337,0.8,1.1033333333333353,0,84.0,0.89,0
7,2026-03-28,330.42857142857144,-0.7418111753371869,0.1306014467683288,0.8,3.903333333333336,0,82.0,0.67,1
7,2026-03-29,361.0,0.772563176895307,0.24001096066481556,1.4,2.1033333333333353,0,85.0,0.92,1
7,2026-03-30,361.42857142857144,0.012875536480686733,0.11384503473012812,6.300000000000001,3.203333333333333,0,87.0,0.71,1
7,2026-03-31,363.57142857142856,0.03588516746411474,0.21241216436660268,6.6000000000000005,3.003333333333334,0,84.0,0.9,1
7,2026-04-01,422.42857142857144,0.9671361502347418,0.18087068288293082,6.6000000000000005,2.003333333333334,0,86.0,0.78,1
7,2026-04-02,543.7142857142857,3.8071748878923763,0.21339783566296744,6.000000000000001,4.903333333333336,0,73.0,0.91,1
7,2026-04-03,533.1428571428571,-0.1581196581196581,0.18974172455021354,24.4,-0.596666666666664,0,95.0,0.79,1
7,2026-04-04,549.4285714285714,0.4253731343283582,0.18727754630930168,32.9,-1.3966666666666647,0,99.0,0.82,1
7,2026-04-05,562.7142857142857,0.1894093686354379,0.20748380788477896,32.4,0.6033333333333353,0,94.0,0.87,1
7,2026-04-06,862.8571428571429,8.902542372881356,0.2119193287184203,42.599999999999994,2.8033333333333346,1,80.0,0.91,0
7,2026-04-07,939.1428571428571,1.2332563510392611,0.18826321760566642,68.19999999999999,-5.096666666666664,0,95.0,0.79,0
7,2026-04-08,1009.4285714285714,0.5871121718377088,0.10595966435921016,83.19999999999999,-3.1966666666666654,0,97.0,0.62,0
7,2026-04-09,1052.0,0.2779850746268657,0.18826321760566642,101.39999999999999,-1.3966666666666647,0,89.0,0.82,0
8,2026-03-11,460.0,0.0,0.19884063293105453,0.0,4.963333333333331,0,93.0,0.89,0
8,2026-03-12,401.0,0.0,0.14619355068891537,1.9,1.4633333333333312,0,87.0,0.77,0
8,2026-03-13,441.6666666666667,0.0,0.22451152427226287,1.9,0.9633333333333312,0,93.0,0.95,0
8,2026-03-14,435.0,0.0,0.1401021527435439,1.9,0.663333333333334,0,86.0,0.73,0
8,2026-03-15,434.0,0.0,0.1853525374805891,13.700000000000001,-5.336666666666666,0,95.0,0.9,0
8,2026-03-16,452.8333333333333,0.0,0.10964516301668652,21.200000000000003,-7.336666666666666,0,90.0,0.71,0
8,2026-03-17,419.42857142857144,0.0,0.09398156830001701,21.200000000000003,-1.5366666666666688,0,93.0,0.67,0
8,2026-03-18,425.14285714285717,0.08695652173913038,0.21754992662040976,23.5,-6.436666666666667,0,87.0,0.95,0
8,2026-03-19,420.57142857142856,-0.0935672514619883,0.1331405550916908,29.400000000000002,-5.636666666666667,0,98.0,0.74,0
8,2026-03-20,396.57142857142856,-0.3212237093690249,0.15184984878104602,36.900000000000006,-5.436666666666667,0,97.0,0.81,0
8,2026-03-21,384.85714285714283,-0.19759036144578312,0.14227765200974798,36.900000000000006,-2.336666666666666,0,97.0,0.8,0
8,2026-03-22,391.0,0.10000000000000009,0.20406183116994436,25.099999999999998,-0.9366666666666674,0,94.0,0.94,0
8,2026-03-23,459.14285714285717,0.8720292504570384,0.22625192368522615,18.0,0.663333333333334,1,89.0,0.95,0
8,2026-03-24,471.42857142857144,0.39269406392694073,0.1314001556787275,18.0,2.263333333333332,0,93.0,0.78,0
8,2026-03-25,440.57142857142856,-0.43200000000000005,0.12182795890742946,15.700000000000001,1.8633333333333333,0,89.0,0.76,0
8,2026-03-26,496.14285714285717,1.2548387096774194,0.13052995597224587,8.0,2.5633333333333326,0,86.0,0.75,0
8,2026-03-27,505.2857142857143,0.18028169014084505,0.1805664390949401,0.5,1.2633333333333319,0,88.0,0.88,0
8,2026-03-28,498.57142857142856,-0.14114114114114118,0.1226981586139111,0.8,2.763333333333332,0,87.0,0.75,0
8,2026-03-29,507.42857142857144,0.13107822410147985,0.23234332163059762,4.2,1.3633333333333333,0,90.0,0.95,0
8,2026-03-30,423.7142857142857,-0.572265625,0.18839823645327486,7.5,4.963333333333331,0,83.0,0.86,0
8,2026-03-31,418.0,-0.1311475409836066,0.1135610616958539,7.5,5.263333333333332,0,81.0,0.7,0
8,2026-04-01,439.85714285714283,0.5387323943661972,0.18839823645327486,7.7,2.663333333333334,0,80.0,0.85,0
8,2026-04-02,415.0,-0.24892703862660948,0.2253817239787445,7.6,6.86333333333333,0,75.0,0.95,0
8,2026-04-03,427.57142857142856,0.2100238663484486,0.21972542588661387,18.4,-2.736666666666668,0,90.0,0.95,0
8,2026-04-04,466.42857142857144,0.951048951048951,0.17447504114956863,28.2,0.06333333333333258,0,92.0,0.85,0
8,2026-04-05,449.57142857142856,-0.22056074766355138,0.17926113953521763,25.1,2.163333333333334,0,93.0,0.84,0
8,2026-04-06,457.85714285714283,0.13242009132420085,0.21580952720744648,22.200000000000003,2.263333333333332,0,90.0,0.92,0
8,2026-04-07,584.8571428571429,3.354716981132076,0.22233602500605879,49.900000000000006,-1.5366666666666688,1,94.0,0.95,0
8,2026-04-08,557.4285714285714,-0.4393592677345538,0.10616436419075996,54.1,-4.136666666666667,0,95.0,0.66,0
8,2026-04-09,543.1428571428571,-0.19047619047619047,0.12530875773335604,54.3,-1.6366666666666667,0,94.0,0.69,0
9,2026-03-11,298.0,0.0,0.18529898369179862,0.0,5.856666666666666,0,89.0,0.79,0
9,2026-03-12,316.5,0.0,0.20798865516426376,0.7,3.956666666666667,0,85.0,0.78,0
9,2026-03-13,316.3333333333333,0.0,0.19601355077601829,0.7,1.7566666666666677,0,88.0,0.72,0
9,2026-03-14,290.5,0.0,0.1323564169227133,0.7,2.456666666666667,0,82.0,0.61,0
9,2026-03-15,375.8,0.0,0.3195462065705507,5.1000000000000005,-3.043333333333333,1,95.0,0.95,0
9,2026-03-16,383.3333333333333,0.0,0.2621917592373749,8.9,-8.043333333333333,0,90.0,0.82,0
9,2026-03-17,384.42857142857144,0.0,0.24391396832900022,8.9,-2.143333333333331,0,85.0,0.79,0
9,2026-03-18,375.14285714285717,-0.21812080536912748,0.1443315213109588,9.6,-5.243333333333332,0,92.0,0.71,0
9,2026-03-19,357.57142857142856,-0.36716417910447763,0.1317261482707004,24.8,-7.243333333333332,0,97.0,0.61,0
9,2026-03-20,352.85714285714283,-0.10443037974683544,0.17584495391160482,32.8,-8.043333333333333,0,97.0,0.77,0
9,2026-03-21,374.7142857142857,0.7183098591549295,0.2275269833766643,32.8,-2.9433333333333316,0,96.0,0.8,0
9,2026-03-22,324.57142857142856,-0.4895397489539749,0.22815725202867723,28.4,-1.7433333333333323,0,93.0,0.78,0
9,2026-03-23,340.42857142857144,0.26365795724465557,0.33404238556684784,25.0,0.15666666666666984,0,98.0,0.95,0
9,2026-03-24,331.57142857142856,-0.15856777493606133,0.20357677460017332,25.0,1.456666666666667,0,88.0,0.76,0
9,2026-03-25,364.42857142857144,0.9871244635193133,0.20357677460017332,24.299999999999997,1.6566666666666698,0,96.0,0.8,0
9,2026-03-26,387.2857142857143,0.7547169811320755,0.23193886394075475,8.4,2.65666666666667,0,84.0,0.84,0
9,2026-03-27,425.57142857142856,0.9469964664310955,0.34475695265106754,0.4,0.7566666666666677,0,89.0,0.95,0
9,2026-03-28,423.0,-0.049180327868852514,0.21555187898841882,0.4,2.356666666666669,0,86.0,0.79,0
9,2026-03-29,439.7142857142857,0.319672131147541,0.30378949027022767,2.3,0.956666666666667,0,81.0,0.95,0
9,2026-03-30,427.57142857142856,-0.15977443609022557,0.12038131253446782,4.3,3.956666666666667,0,86.0,0.62,0
9,2026-03-31,418.7142857142857,-0.18844984802431608,0.16639092413141102,4.3,4.556666666666668,0,92.0,0.7,0
9,2026-04-01,432.85714285714283,0.21382289416846656,0.35168990782320964,4.3,1.956666666666667,0,79.0,0.95,0
9,2026-04-02,492.85714285714283,1.129032258064516,0.24139289372094855,4.3,6.256666666666671,1,73.0,0.78,0
9,2026-04-03,495.85714285714283,0.038112522686025496,0.35925313164736467,12.1,-0.8433333333333302,0,89.0,0.95,0
9,2026-04-04,521.5714285714286,0.5172413793103448,0.33278184826282203,15.399999999999999,-0.543333333333333,0,89.0,0.95,0
9,2026-04-05,518.1428571428571,-0.0496894409937888,0.28740250531789174,14.2,2.15666666666667,0,90.0,0.91,0
9,2026-04-06,531.0,0.20134228187919456,0.3384542661309383,11.9,2.7566666666666677,0,88.0,0.95,0
9,2026-04-07,558.5714285714286,0.7228464419475655,0.28614196801386593,35.4,-0.543333333333333,0,93.0,0.94,0
9,2026-04-08,527.7142857142857,-0.38434163701067614,0.21618214764043173,44.8,-3.9433333333333316,0,92.0,0.81,0
9,2026-04-09,445.57142857142856,-0.726010101010101,0.13361695422673914,45.0,-1.3433333333333302,0,96.0,0.67,0
10,2026-03-11,590.0,0.0,0.2662302435733204,0.0,6.100000000000001,0,93.0,0.95,0
10,2026-03-12,562.5,0.0,0.24161306351688328,1.1,2.6999999999999993,0,86.0,0.95,0
10,2026-03-13,519.6666666666666,0.0,0.19420219822300427,1.1,1.5,0,86.0,0.85,0
10,2026-03-14,492.5,0.0,0.18599647153752524,1.1,2.3999999999999986,0,77.0,0.89,0
10,2026-03-15,475.8,0.0,0.18508472412802757,7.300000000000001,-3.400000000000002,0,95.0,0.86,0
10,2026-03-16,481.5,0.0,0.23158384201240886,13.8,-8.0,0,94.0,0.92,0
10,2026-03-17,478.0,0.0,0.20696666195597171,13.8,-2.200000000000003,0,93.0,0.91,0
10,2026-03-18,426.85714285714283,-0.6067796610169491,0.10393920468273468,14.5,-5.100000000000001,0,83.0,0.66,0
10,2026-03-19,409.2857142857143,-0.22990654205607475,0.1841729767185299,35.6,-7.700000000000003,0,97.0,0.86,0
10,2026-03-20,393.57142857142856,-0.2534562211981567,0.14496783811012995,39.8,-6.800000000000001,0,99.0,0.76,0
10,2026-03-21,402.42857142857144,0.15085158150851585,0.2142606412319531,39.8,-2.6000000000000014,0,98.0,0.88,0
10,2026-03-22,425.42857142857144,0.39364303178484117,0.25984801170683675,33.599999999999994,-1.2000000000000028,0,93.0,0.95,0
10,2026-03-23,386.57142857142856,-0.5333333333333333,0.10667444691122771,27.999999999999996,-0.3000000000000007,0,92.0,0.71,0
10,2026-03-24,467.0,1.2319474835886215,0.24617180056437163,28.0,2.099999999999998,1,92.0,0.95,0
10,2026-03-25,476.14285714285717,0.27586206896551735,0.1331151217866602,27.299999999999997,2.0,0,90.0,0.7,0
10,2026-03-26,466.42857142857144,-0.16504854368932043,0.09390998317826028,5.299999999999996,2.099999999999998,0,85.0,0.69,0
10,2026-03-27,495.2857142857143,0.6234567901234569,0.2370543264693949,1.0999999999999965,0.8999999999999986,0,85.0,0.95,0
10,2026-03-28,502.57142857142856,0.10782241014799165,0.23796607387889257,1.0999999999999965,2.599999999999998,0,84.0,0.93,0
10,2026-03-29,481.42857142857144,-0.2596491228070176,0.19146695599451127,3.1999999999999966,1.0,0,85.0,0.92,0
10,2026-03-30,494.42857142857144,0.38235294117647056,0.14770308033862298,4.599999999999996,3.8999999999999986,0,87.0,0.78,0
10,2026-03-31,532.5714285714286,0.2617647058823529,0.24799529538336698,4.599999999999996,4.199999999999999,1,92.0,0.95,0
10,2026-04-01,589.1428571428571,1.3378378378378377,0.18234948189953454,4.699999999999997,2.0,0,79.0,0.82,0
10,2026-04-02,593.5714285714286,0.09011627906976738,0.16867327075706945,4.4999999999999964,6.0,0,80.0,0.8,0
10,2026-04-03,550.1428571428571,-0.5779467680608366,0.09846872022574865,18.199999999999996,-1.3000000000000007,0,93.0,0.64,0
10,2026-04-04,616.4285714285714,0.8854961832061068,0.19784918786099498,33.199999999999996,-0.20000000000000284,1,91.0,0.92,0
10,2026-04-05,604.8571428571429,-0.19194312796208535,0.15499705961460436,31.799999999999994,2.099999999999998,0,92.0,0.79,0
10,2026-04-06,634.1428571428571,0.6231003039513678,0.24252481092638095,29.499999999999996,3.099999999999998,0,91.0,0.95,0
10,2026-04-07,508.7142857142857,-0.6822066822066821,0.10211570986373934,62.39999999999999,-0.8000000000000007,0,91.0,0.63,0
10,2026-04-08,456.42857142857144,-0.5289017341040463,0.14770308033862298,65.89999999999999,-3.8000000000000007,0,94.0,0.76,0
10,2026-04-09,498.42857142857144,0.784,0.17870249226154386,66.1,-1.3000000000000007,0,94.0,0.8,0
11,2026-03-11,949.0,0.0,0.6403587972049933,0.0,5.746666666666663,0,94.0,0.95,0
11,2026-03-12,725.5,0.0,0.6121437544162676,1.9,1.846666666666664,0,89.0,0.95,0
11,2026-03-13,589.3333333333334,0.0,0.382743189134019,1.9,1.5466666666666669,0,90.0,0.74,0
11,2026-03-14,521.25,0.0,0.3802897071523907,1.9,1.9466666666666654,0,78.0,0.71,0
11,2026-03-15,464.8,0.0,0.2858306508597001,10.4,-3.453333333333333,0,97.0,0.72,0
11,2026-03-16,440.8333333333333,0.0,0.39133037606971816,19.9,-8.253333333333334,0,96.0,0.78,0
11,2026-03-17,461.42857142857144,0.0,0.712736515663029,19.9,-2.0533333333333346,0,94.0,0.95,0
11,2026-03-18,392.2857142857143,-0.5100105374077977,0.5667543377561435,21.8,-5.953333333333333,0,84.0,0.87,1
11,2026-03-19,355.0,-0.5199203187250996,0.29319109680458505,37.7,-8.153333333333336,0,98.0,0.71,1
11,2026-03-20,373.0,0.3974763406940063,0.5348590719949753,41.5,-5.853333333333335,0,99.0,0.9,1
11,2026-03-21,388.57142857142856,0.34384858044164046,0.517684698123577,41.5,-2.753333333333334,0,99.0,0.85,1
11,2026-03-22,479.85714285714283,2.6736401673640167,0.6722540629661615,33.0,-1.2533333333333339,0,92.0,0.95,0
11,2026-03-23,602.1428571428571,2.6666666666666665,0.6636668760304625,24.700000000000003,0.14666666666666472,1,91.0,0.95,0
11,2026-03-24,592.5714285714286,-0.11452991452991457,0.63054486927848,24.700000000000003,2.346666666666664,0,94.0,0.95,0
11,2026-03-25,608.4285714285714,0.2387096774193549,0.698015623773259,22.8,1.9466666666666654,0,92.0,0.95,0
11,2026-03-26,641.0,0.946058091286307,0.5741147837010285,5.3,2.1466666666666647,0,84.0,0.89,0
11,2026-03-27,661.7142857142857,0.327313769751693,0.7213237025987281,1.5,1.0466666666666669,0,85.0,0.95,0
11,2026-03-28,671.7142857142857,0.164319248826291,0.32385962157493914,1.5,2.746666666666666,0,81.0,0.72,0
11,2026-03-29,671.7142857142857,0.0,0.7151899976446573,4.1,0.846666666666664,0,85.0,0.95,0
11,2026-03-30,592.2857142857143,-0.4723874256584537,0.7618061552955955,6.4,4.146666666666665,0,86.0,0.95,0
11,2026-03-31,601.2857142857143,0.12162162162162171,0.712736515663029,6.7,4.346666666666664,0,93.0,0.95,0
11,2026-04-01,606.0,0.05729166666666674,0.7384980764701264,6.9,2.246666666666666,0,80.0,0.95,0
11,2026-04-02,610.5714285714286,0.06823027718550101,0.6072367904530109,6.6,6.246666666666663,0,77.0,0.9,0
11,2026-04-03,579.7142857142857,-0.36734693877551017,0.44776046164716965,17.2,-1.4533333333333331,0,95.0,0.8,0
11,2026-04-04,562.7142857142857,-0.23991935483870963,0.4600278715553113,28.7,1.0466666666666669,0,94.0,0.81,0
11,2026-04-05,480.0,-0.6594533029612757,0.3631153332809924,26.099999999999998,2.046666666666667,0,93.0,0.75,0
11,2026-04-06,435.2857142857143,-0.5040257648953301,0.3704757792258774,22.599999999999998,3.1466666666666647,0,89.0,0.8,0
11,2026-04-07,430.42857142857144,-0.058519793459552494,0.6636668760304625,46.400000000000006,-1.7533333333333339,0,92.0,0.95,0
11,2026-04-08,376.7142857142857,-0.6174055829228243,0.27724346392400095,50.3,-3.253333333333334,0,94.0,0.69,0
11,2026-04-09,385.2857142857143,0.11976047904191622,0.2858306508597001,50.699999999999996,-1.3533333333333353,0,94.0,0.71,0
12,2026-03-11,264.0,0.0,0.07402667075194806,0.0,5.940000000000001,0,97.0,0.7,0
12,2026-03-12,338.5,0.0,0.11689925999052801,2.2,3.34,0,88.0,0.89,0
12,2026-03-13,430.0,0.0,0.1028942141725919,2.2,1.3399999999999999,0,85.0,0.84,0
12,2026-03-14,556.0,0.0,0.13890718913299907,2.2,0.6400000000000006,0,75.0,0.92,0
12,2026-03-15,662.6,0.0,0.13004685402369254,7.5,-2.8599999999999994,0,93.0,0.92,0
12,2026-03-16,638.8333333333334,0.0,0.07288340170558592,14.6,-7.859999999999999,0,92.0,0.71,0
12,2026-03-17,592.4285714285714,0.0,0.08860335109306525,14.6,-1.7600000000000016,0,84.0,0.75,0
12,2026-03-18,610.8571428571429,0.48863636363636354,0.11118291475871736,14.7,-3.960000000000001,0,82.0,0.82,0
12,2026-03-19,585.0,-0.43825665859564167,0.06459470111946047,27.8,-6.960000000000001,0,96.0,0.7,0
12,2026-03-20,548.1428571428571,-0.42088091353996737,0.07345503622876699,32.2,-7.559999999999999,0,100.0,0.7,0
12,2026-03-21,503.57142857142856,-0.33404710920770875,0.17606343313976835,32.2,-2.66,0,100.0,0.95,0
12,2026-03-22,427.2857142857143,-0.49035812672176304,0.15777112839797425,26.9,-1.6600000000000001,0,93.0,0.95,0
12,2026-03-23,567.1428571428571,1.8826923076923077,0.17520598135499676,20.599999999999998,-0.5599999999999987,1,86.0,0.95,0
12,2026-03-24,583.0,0.35350318471337583,0.12061488439120495,20.6,2.039999999999999,0,88.0,0.87,0
12,2026-03-25,577.1428571428571,-0.10432569974554706,0.09917858977191496,20.5,2.2399999999999984,0,90.0,0.77,0
12,2026-03-26,604.8571428571429,0.8362068965517242,0.11947161534484281,5.300000000000001,3.1400000000000006,0,77.0,0.87,0
12,2026-03-27,586.2857142857143,-0.3661971830985915,0.06287979754991727,0.9,0.8399999999999999,0,80.0,0.72,0
12,2026-03-28,602.4285714285714,0.18167202572347274,0.1037516659573635,0.9,2.539999999999999,0,81.0,0.8,0
12,2026-03-29,607.7142857142857,0.06666666666666665,0.1677747325536429,2.1,0.5399999999999991,0,79.0,0.95,0
12,2026-03-30,478.14285714285717,-0.6050700466977985,0.16834636707682396,3.8999999999999995,3.2399999999999984,0,88.0,0.95,1
12,2026-03-31,469.42857142857144,-0.1435294117647059,0.1037516659573635,4.1,3.84,0,87.0,0.86,1
12,2026-04-01,508.0,0.7670454545454546,0.1772067021861305,4.1,2.039999999999999,0,77.0,0.95,1
12,2026-04-02,527.2857142857143,0.31690140845070425,0.15891439744433639,3.9999999999999996,5.940000000000001,0,76.0,0.95,1
12,2026-04-03,710.0,5.684444444444445,0.23808577890491403,6.8999999999999995,-0.26000000000000156,1,93.0,0.95,0
12,2026-04-04,790.7142857142857,0.7687074829931972,0.24437375865990577,11.2,-0.46000000000000085,0,92.0,0.95,0
12,2026-04-05,787.1428571428571,-0.042229729729729715,0.13890718913299907,10.7,1.6400000000000006,0,92.0,0.92,0
12,2026-04-06,889.7142857142857,1.2128378378378377,0.1443377171032192,8.099999999999998,3.039999999999999,0,78.0,0.95,0
12,2026-04-07,931.0,0.793956043956044,0.1626300218450133,25.7,-1.2600000000000016,0,90.0,0.95,0
12,2026-04-08,927.7142857142857,-0.036977491961414755,0.14691007245753399,31.799999999999997,-3.3599999999999994,0,92.0,0.95,0
12,2026-04-09,934.4285714285714,0.08377896613190727,0.15005406233502985,31.9,-1.1600000000000001,0,94.0,0.93,0
13,2026-03-11,359.0,0.0,0.4598889770847976,0.0,5.396666666666665,0,91.0,0.78,0
13,2026-03-12,483.0,0.0,0.7794728425166061,1.3,2.6966666666666654,0,89.0,0.95,1
13,2026-03-13,422.0,0.0,0.3793434500247483,1.3,0.596666666666664,0,94.0,0.75,1
13,2026-03-14,441.0,0.0,0.639167730863617,1.3,1.9966666666666661,0,83.0,0.91,1
13,2026-03-15,470.4,0.0,0.7586869000494966,12.100000000000001,-2.7033333333333367,0,93.0,0.95,1
13,2026-03-16,495.5,0.0,0.8067543920046872,12.100000000000001,-2.2033333333333367,0,93.0,0.95,1
13,2026-03-17,461.2857142857143,0.0,0.32218210824019716,12.100000000000001,-2.903333333333336,0,85.0,0.73,1
13,2026-03-18,470.2857142857143,0.1754874651810585,0.5430327469532356,12.900000000000002,-3.3033333333333346,0,85.0,0.83,1
13,2026-03-19,566.8571428571429,1.113673805601318,0.821044727450825,35.0,-7.403333333333336,1,97.0,0.95,0
13,2026-03-20,651.0,1.9633333333333334,0.609287938567147,37.9,-6.203333333333337,0,98.0,0.89,0
13,2026-03-21,719.4285714285714,0.9618473895582329,0.5365371399322638,37.9,-3.1033333333333353,0,97.0,0.83,0
13,2026-03-22,744.7142857142857,0.30102040816326525,0.44429952023446545,27.099999999999998,-0.6033333333333353,0,93.0,0.84,0
13,2026-03-23,731.1428571428571,-0.1529790660225443,0.48587140516868443,27.099999999999998,-0.8033333333333346,0,92.0,0.79,0
13,2026-03-24,756.4285714285714,0.69140625,0.5586222038035676,27.099999999999998,2.496666666666666,0,90.0,0.9,0
13,2026-03-25,756.1428571428571,-0.004739336492891044,0.33647244368633494,26.299999999999997,3.3966666666666647,0,85.0,0.7,0
13,2026-03-26,663.8571428571429,-0.5035074045206547,0.821044727450825,3.1999999999999997,3.696666666666662,0,79.0,0.95,0
13,2026-03-27,598.7142857142857,-0.5129358830146231,0.5586222038035676,0.8,0.7966666666666633,0,85.0,0.92,0
13,2026-03-28,539.8571428571429,-0.42169907881269186,0.48067491955190705,0.8,3.5966666666666676,0,86.0,0.79,0
13,2026-03-29,522.5714285714286,-0.15816993464052287,0.8301385772801855,2.8,3.3966666666666647,0,74.0,0.95,0
13,2026-03-30,502.85714285714283,-0.2623574144486692,0.49886261921062786,3.0,3.7966666666666633,0,83.0,0.81,0
13,2026-03-31,617.1428571428571,1.8475750577367207,0.7288071077530266,4.1,1.596666666666664,1,90.0,0.95,0
13,2026-04-01,621.5714285714286,0.07380952380952377,0.5794081462706772,4.1,-0.10333333333333528,0,98.0,0.94,0
13,2026-04-02,578.0,-0.478806907378336,0.42611182057574465,5.2,3.3966666666666647,0,83.0,0.77,0
13,2026-04-03,588.1428571428571,0.16397228637413397,0.6482615806929773,18.5,-0.8033333333333346,0,95.0,0.92,0
13,2026-04-04,594.8571428571429,0.08318584070796464,0.7911649351543552,23.2,-0.30333333333333456,0,97.0,0.95,0
13,2026-04-05,601.8571428571429,0.07608695652173902,0.8924964046815139,21.3,0.2966666666666633,0,92.0,0.95,0
13,2026-04-06,588.1428571428571,-0.24742268041237114,0.3702496001953879,21.1,2.096666666666664,0,76.0,0.71,0
13,2026-04-07,494.7142857142857,-0.5304136253041363,0.6027923315461753,25.7,-4.003333333333334,0,94.0,0.89,0
13,2026-04-08,504.57142857142856,0.1529933481152994,0.6716457659684756,28.8,-3.503333333333334,0,96.0,0.95,0
13,2026-04-09,553.0,1.0210843373493974,0.8691122194060157,27.900000000000002,-1.3033333333333346,0,96.0,0.95,0
14,2026-03-11,631.0,0.0,0.6266658364683363,0.0,5.4566666666666706,0,89.0,0.95,0
14,2026-03-12,472.5,0.0,0.31333291823416815,2.6,1.6566666666666698,0,93.0,0.79,0
14,2026-03-13,415.0,0.0,0.2962602912791013,2.6,0.9566666666666706,0,93.0,0.79,0
14,2026-03-14,456.75,0.0,0.5784607721246181,2.6,1.8566666666666691,0,83.0,0.95,0
14,2026-03-15,415.2,0.0,0.24805522693538312,11.1,-3.143333333333331,0,95.0,0.7,1
14,2026-03-16,389.1666666666667,0.0,0.2570936764998303,31.1,-7.34333333333333,0,97.0,0.7,1
14,2026-03-17,413.7142857142857,0.0,0.5613881451695513,31.1,-1.8433333333333302,0,94.0,0.95,1
14,2026-03-18,387.0,-0.29635499207606975,0.44087548431025586,32.9,-4.243333333333332,0,85.0,0.91,1
14,2026-03-19,399.14285714285717,0.2707006369426752,0.3926704199665377,75.0,-6.643333333333331,0,97.0,0.83,1
14,2026-03-20,442.42857142857144,1.0099999999999998,0.5975419434273399,77.5,-5.84333333333333,0,99.0,0.95,0
14,2026-03-21,519.1428571428571,0.9226804123711341,0.5754479556031358,77.5,-2.7433333333333323,1,98.0,0.95,0
14,2026-03-22,584.2857142857143,1.8313253012048194,0.7029905216792234,69.0,-1.7433333333333323,0,93.0,0.95,0
14,2026-03-23,647.2857142857143,1.7027027027027026,0.7009819773315685,49.5,0.05666666666666842,0,91.0,0.95,0
14,2026-03-24,665.1428571428571,0.2228163992869876,0.686922166897984,49.5,2.4566666666666706,0,93.0,0.95,0
14,2026-03-25,671.0,0.0923423423423424,0.4840591877848367,47.800000000000004,2.15666666666667,0,89.0,0.89,0
14,2026-03-26,674.7142857142857,0.06516290726817053,0.42179431300753406,3.4,2.2566666666666677,0,86.0,0.91,0
14,2026-03-27,624.0,-0.5887230514096186,0.24504241041390074,0.9,0.6566666666666698,0,84.0,0.66,0
14,2026-03-28,654.7142857142857,0.19213583556747094,0.6065803929917871,0.9,2.7566666666666677,1,85.0,0.95,0
14,2026-03-29,592.8571428571429,-0.6141843971631206,0.2691449425857598,1.4,1.3566666666666691,0,86.0,0.71,0
14,2026-03-30,580.4285714285714,-0.12428571428571433,0.2621150373689676,3.0,3.5566666666666684,0,88.0,0.71,0
14,2026-03-31,537.8571428571429,-0.43440233236151604,0.3856405147497454,3.5,3.4566666666666706,0,86.0,0.82,0
14,2026-04-01,568.5714285714286,0.44329896907216493,0.6989734329839136,3.4,1.6566666666666698,0,86.0,0.95,0
14,2026-04-02,559.0,-0.15764705882352936,0.35852516605640394,3.1,5.4566666666666706,0,79.0,0.8,0
14,2026-04-03,598.8571428571429,1.125,0.5202129860426253,16.7,-1.5433333333333294,0,98.0,0.95,0
14,2026-04-04,489.14285714285717,-0.5757121439280359,0.5633966895172062,21.9,1.0566666666666684,0,97.0,0.95,0
14,2026-04-05,493.42857142857144,0.11029411764705888,0.2982688356267562,21.4,1.7566666666666677,0,96.0,0.76,0
14,2026-04-06,469.42857142857144,-0.2740619902120718,0.44589684517939315,19.299999999999997,3.4566666666666706,0,77.0,0.94,0
14,2026-04-07,460.7142857142857,-0.15721649484536082,0.3223713677986153,28.299999999999997,-3.34333333333333,0,92.0,0.75,0
14,2026-04-08,451.7142857142857,-0.08999999999999997,0.6357042860327835,28.299999999999997,-3.143333333333331,0,98.0,0.95,0
14,2026-04-09,438.7142857142857,-0.25418994413407825,0.2621150373689676,30.4,-0.4433333333333316,0,92.0,0.68,0
15,2026-03-11,624.0,0.0,0.6874406805219228,0.0,5.723333333333336,0,85.0,0.95,0
15,2026-03-12,488.5,0.0,0.38807135190753705,0.0,1.8233333333333341,0,95.0,0.84,0
15,2026-03-13,718.6666666666666,0.0,0.787230456726718,0.0,1.1233333333333348,0,93.0,0.95,0
15,2026-03-14,641.5,0.0,0.45127154350390736,0.0,2.9233333333333356,0,79.0,0.88,0
15,2026-03-15,795.2,0.0,0.6841143546484295,11.7,-1.3766666666666652,1,94.0,0.95,0
15,2026-03-16,714.5,0.0,0.33817646380513944,11.7,-3.9766666666666666,0,94.0,0.76,0
15,2026-03-17,704.5714285714286,0.0,0.7096161863452106,11.7,-1.7766666666666637,0,91.0,0.95,0
15,2026-03-18,671.7142857142857,-0.3685897435897436,0.4346399141364415,13.5,-5.576666666666664,0,88.0,0.84,0
15,2026-03-19,712.5714285714286,0.8101983002832862,0.7007459840158954,39.9,-7.576666666666664,0,97.0,0.95,0
15,2026-03-20,662.1428571428571,-0.2994062765055131,0.6763529276102789,40.3,-5.076666666666664,0,99.0,0.95,0
15,2026-03-21,725.4285714285714,1.0804878048780489,0.4069205318573317,40.3,-3.5766666666666644,0,95.0,0.78,0
15,2026-03-22,620.2857142857143,-0.5219858156028369,0.7428794450801424,28.599999999999998,-0.6766666666666659,0,91.0,0.95,0
15,2026-03-23,627.0,0.1511254019292605,0.39583277894568775,29.3,0.5233333333333334,0,89.0,0.86,0
15,2026-03-24,596.4285714285714,-0.3317829457364341,0.34593789084329013,29.3,3.2233333333333363,0,91.0,0.77,0
15,2026-03-25,611.1428571428571,0.2614213197969544,0.3182185085641804,27.5,2.823333333333334,0,87.0,0.78,0
15,2026-03-26,613.7142857142857,0.028169014084507005,0.7229214898391833,1.4,2.0233333333333334,0,82.0,0.95,0
15,2026-03-27,600.1428571428571,-0.11501210653753025,0.3548080931726053,1.0,1.2233333333333363,0,84.0,0.75,0
15,2026-03-28,534.4285714285714,-0.5392731535756154,0.4324223635541127,1.0,4.523333333333333,0,82.0,0.87,0
15,2026-03-29,539.2857142857143,0.05044510385756684,0.7783602543974029,1.9,2.4233333333333356,0,78.0,0.95,0
15,2026-03-30,622.0,1.61731843575419,0.7395531192066491,2.5999999999999996,3.2233333333333363,0,87.0,0.95,0
15,2026-03-31,615.1428571428571,-0.11136890951276102,0.27941137337342664,3.5999999999999996,2.5233333333333334,0,82.0,0.74,0
15,2026-04-01,614.5714285714286,-0.008048289738430636,0.5399735667970587,3.5999999999999996,0.7233333333333363,0,87.0,0.95,0
15,2026-04-02,575.0,-0.421613394216134,0.4180082847689756,5.4,3.2233333333333363,0,77.0,0.85,0
15,2026-04-03,575.4285714285714,0.004103967168262557,0.8060796366765126,23.4,-1.2766666666666637,0,93.0,0.95,0
15,2026-04-04,608.1428571428571,0.5826972010178118,0.6841143546484295,26.2,-0.6766666666666659,0,98.0,0.95,0
15,2026-04-05,580.4285714285714,-0.2740112994350282,0.5676929490761684,25.3,0.22333333333333627,0,94.0,0.92,0
15,2026-04-06,533.5714285714286,-0.3500533617929562,0.6674827252809636,23.9,2.323333333333334,0,77.0,0.95,0
15,2026-04-07,549.0,0.28198433420365543,0.5377560162147299,31.999999999999996,-4.176666666666666,0,96.0,0.92,1
15,2026-04-08,519.4285714285714,-0.41987829614604466,0.3126746321083584,31.999999999999996,-3.5766666666666644,0,97.0,0.71,1
15,2026-04-09,681.1428571428571,2.9789473684210526,0.7839041308532247,30.0,-1.2766666666666637,1,94.0,0.95,0
16,2026-03-11,541.0,0.0,0.8544223944908121,0.0,4.833333333333332,0,87.0,0.95,0
16,2026-03-12,582.0,0.0,0.9757982860446471,0.6,2.2333333333333343,0,83.0,0.95,0
16,2026-03-13,538.6666666666666,0.0,0.7090907348671414,0.6,2.4333333333333336,0,84.0,0.85,1
16,2026-03-14,557.25,0.0,0.9662159788167128,0.6,1.3333333333333321,0,97.0,0.95,1
16,2026-03-15,583.2,0.0,0.5014740782618973,10.6,-5.766666666666666,0,90.0,0.73,1
16,2026-03-16,592.5,0.0,1.0045452077284502,17.3,-7.166666666666668,0,90.0,0.95,0
16,2026-03-17,616.7142857142857,0.0,0.5893118945179621,17.3,-2.166666666666668,0,97.0,0.86,0
16,2026-03-18,588.0,-0.3715341959334566,0.5302209999457003,20.4,-6.166666666666668,0,98.0,0.77,0
16,2026-03-19,625.7142857142857,0.4237560192616372,0.6643733011367811,28.7,-5.966666666666665,0,97.0,0.9,0
16,2026-03-20,759.0,2.064159292035398,1.1450857137381538,38.4,-7.266666666666666,1,96.0,0.95,0
16,2026-03-21,838.4285714285714,0.9070146818923328,1.2121618643336942,38.4,-2.866666666666667,0,96.0,0.95,0
16,2026-03-22,850.2857142857143,0.12081513828238721,1.22493827397094,28.4,-1.0666666666666664,0,100.0,0.95,0
16,2026-03-23,861.8571428571429,0.12676056338028174,1.1371004577148753,21.8,0.43333333333333357,0,96.0,0.95,0
16,2026-03-24,817.2857142857143,-0.40944881889763785,0.7011054788438627,21.8,2.033333333333335,0,93.0,0.85,0
16,2026-03-25,865.8571428571429,1.0,1.0668302047100233,18.900000000000002,2.133333333333333,0,96.0,0.95,0
16,2026-03-26,846.4285714285714,-0.153325817361894,1.1866090450592026,10.0,2.833333333333332,0,89.0,0.95,0
16,2026-03-27,720.7142857142857,-0.6353790613718411,0.8001226535325175,0.30000000000000004,1.533333333333335,0,88.0,0.95,0
16,2026-03-28,658.2857142857143,-0.3738237810094097,1.162653276989367,0.30000000000000004,2.533333333333335,0,97.0,0.95,0
16,2026-03-29,688.0,0.2701298701298702,0.9294838011096311,7.5,1.6333333333333329,0,93.0,0.95,0
16,2026-03-30,689.1428571428571,0.011111111111111072,1.1450857137381538,11.4,4.333333333333332,0,81.0,0.95,0
16,2026-03-31,749.2857142857143,0.9355555555555555,0.9550366203841227,11.4,5.933333333333334,0,83.0,0.95,0
16,2026-04-01,764.7142857142857,0.1588235294117648,1.2409087860174972,11.2,2.9333333333333336,0,88.0,0.95,0
16,2026-04-02,872.7142857142857,1.0066577896138482,0.9965599517051715,11.2,7.433333333333334,1,81.0,0.95,0
16,2026-04-03,901.7142857142857,0.4019801980198019,1.1083535360310723,23.5,-0.8666666666666671,0,85.0,0.95,0
16,2026-04-04,839.5714285714286,-0.5942622950819672,0.4519654909175698,34.3,-0.966666666666665,0,88.0,0.77,0
16,2026-04-05,811.5714285714286,-0.20040899795501022,1.2361176324035301,27.5,2.533333333333335,0,89.0,0.95,0
16,2026-04-06,880.4285714285714,0.6620879120879122,0.9662159788167128,23.700000000000003,2.033333333333335,0,88.0,0.95,0
16,2026-04-07,812.5714285714286,-0.5453501722158438,0.6052824065645193,47.1,-2.366666666666667,0,94.0,0.82,0
16,2026-04-08,770.0,-0.3781725888324873,0.768181629439403,54.1,-4.966666666666665,0,94.0,0.95,0
16,2026-04-09,661.2857142857143,-0.5049767750497678,1.1866090450592026,58.7,-1.5666666666666664,0,93.0,0.95,0
17,2026-03-11,828.0,0.0,0.4199007641560892,0.0,5.43,0,97.0,0.95,0
17,2026-03-12,732.5,0.0,0.31861816777673097,0.0,3.8299999999999983,0,83.0,0.95,0
17,2026-03-13,723.0,0.0,0.35448908732775364,0.0,1.8299999999999983,0,89.0,0.95,0
17,2026-03-14,738.25,0.0,0.39405260153844046,0.0,1.9299999999999997,0,79.0,0.95,0
17,2026-03-15,681.8,0.0,0.2231382201482735,17.9,-5.670000000000002,0,92.0,0.83,0
17,2026-03-16,675.6666666666666,0.0,0.3244208165276317,21.4,-6.27,0,93.0,0.95,0
17,2026-03-17,697.5714285714286,0.0,0.23896362583254824,21.4,-1.7699999999999996,0,87.0,0.87,0
17,2026-03-18,683.4285714285714,-0.11956521739130432,0.365566871306746,21.4,-1.6700000000000017,0,91.0,0.95,0
17,2026-03-19,684.0,0.006279434850863463,0.32020070834515846,23.7,-5.77,0,96.0,0.95,0
17,2026-03-20,688.8571428571429,0.048295454545454586,0.3687319524436009,29.5,-9.27,0,100.0,0.95,0
17,2026-03-21,680.1428571428571,-0.07780612244897955,0.3613467631242727,29.5,-3.0700000000000003,0,100.0,0.95,0
17,2026-03-22,678.0,-0.03289473684210531,0.21786308492018194,11.6,-0.870000000000001,0,96.0,0.89,0
17,2026-03-23,691.1428571428571,0.14263565891472862,0.3703144930120284,9.1,-1.370000000000001,0,92.0,0.95,0
17,2026-03-24,763.5714285714286,0.6115802171290712,0.37558962824011993,9.1,1.4299999999999997,1,91.0,0.95,0
17,2026-03-25,743.7142857142857,-0.19067215363511658,0.291714978113464,9.1,2.3299999999999983,0,93.0,0.95,0
17,2026-03-26,759.8571428571429,0.17628705148205936,0.3813922769910207,6.8,3.129999999999999,0,80.0,0.95,0
17,2026-03-27,702.4285714285714,-0.5447154471544715,0.16089162445679295,1.6,-0.07000000000000028,0,80.0,0.72,0
17,2026-03-28,752.5714285714286,0.48547717842323657,0.21628054435175448,1.6,2.3299999999999983,0,89.0,0.9,0
17,2026-03-29,785.5714285714286,0.5238095238095237,0.3370811410750515,2.5,1.2300000000000004,0,82.0,0.95,0
17,2026-03-30,790.5714285714286,0.04748982360922649,0.3914150339243947,1.7,2.530000000000001,0,91.0,0.95,0
17,2026-03-31,664.2857142857143,-0.6616766467065869,0.21891811196580024,1.9,3.3299999999999983,0,89.0,0.84,0
17,2026-04-01,689.5714285714286,0.30000000000000004,0.38719492574192144,1.9,1.629999999999999,0,87.0,0.95,0
17,2026-04-02,687.8571428571429,-0.01591511936339518,0.37295206062607417,1.9,5.630000000000003,0,77.0,0.95,0
17,2026-04-03,719.8571428571429,0.6666666666666667,0.2790546535660442,2.6999999999999997,-0.370000000000001,0,89.0,0.94,0
17,2026-04-04,658.7142857142857,-0.3985102420856611,0.3217832489135859,6.3,1.0300000000000011,0,92.0,0.95,0
17,2026-04-05,681.1428571428571,0.23363095238095233,0.29435254572750974,5.7,2.030000000000001,0,90.0,0.95,0
17,2026-04-06,677.5714285714286,-0.032383419689119175,0.3787547093769749,5.5,3.530000000000001,0,87.0,0.95,0
17,2026-04-07,660.7142857142857,-0.26106194690265483,0.15930908388836548,20.5,-1.0700000000000003,0,94.0,0.79,0
17,2026-04-08,613.5714285714286,-0.43024771838331155,0.21206043616928122,31.3,-4.469999999999999,0,94.0,0.85,0
17,2026-04-09,621.2857142857143,0.07277628032345018,0.40143779085776865,31.6,-1.4699999999999989,0,95.0,0.95,0
18,2026-03-11,776.0,0.0,1.1203180710080087,0.0,5.213333333333335,0,90.0,0.95,0
18,2026-03-12,540.5,0.0,0.43673416327430853,0.0,4.613333333333333,0,77.0,0.78,0
18,2026-03-13,525.3333333333334,0.0,0.718639492745685,0.0,1.8133333333333326,0,87.0,0.91,1
18,2026-03-14,591.5,0.0,1.1480704091424967,0.0,0.21333333333333115,0,82.0,0.95,0
18,2026-03-15,641.4,0.0,0.613472737709731,4.6,-2.8866666666666667,0,93.0,0.92,0
18,2026-03-16,737.8333333333334,0.0,0.9567253409520805,5.3999999999999995,-6.58666666666667,0,96.0,0.95,0
18,2026-03-17,721.0,0.0,0.8909961190546094,5.3999999999999995,-0.8866666666666667,0,87.0,0.95,0
18,2026-03-18,670.4285714285714,-0.4561855670103093,0.6090907895832329,5.3999999999999995,-3.1866666666666674,0,94.0,0.83,0
18,2026-03-19,742.4285714285714,1.6524590163934425,1.165598201648489,14.7,-6.786666666666669,0,97.0,0.95,0
18,2026-03-20,848.0,1.492929292929293,0.8909961190546094,19.299999999999997,-9.186666666666667,0,98.0,0.95,0
18,2026-03-21,846.4285714285714,-0.013924050632911356,1.1276213178855057,19.299999999999997,-2.6866666666666674,0,100.0,0.95,0
18,2026-03-22,794.0,-0.4363852556480381,0.6777413102317028,14.7,-1.3866666666666667,0,95.0,0.93,0
18,2026-03-23,675.8571428571429,-0.6778688524590164,0.5594287108162548,14.599999999999998,0.11333333333333329,0,96.0,0.81,0
18,2026-03-24,685.7142857142857,0.1112903225806452,0.9888596272130664,14.599999999999998,1.4133333333333304,0,94.0,0.95,0
18,2026-03-25,701.8571428571429,0.26777251184834117,0.7683015715126632,14.599999999999998,1.8133333333333326,0,95.0,0.95,0
18,2026-03-26,698.1428571428571,-0.03213844252163167,1.124700019134507,5.299999999999998,3.4133333333333304,0,87.0,0.95,0
18,2026-03-27,584.0,-0.6474878444084279,0.6163940364607298,0.8999999999999981,0.3133333333333326,0,87.0,0.86,0
18,2026-03-28,520.8571428571429,-0.5673940949935815,0.4776323457882906,0.9999999999999982,2.013333333333332,0,87.0,0.75,0
18,2026-03-29,596.8571428571429,1.1223628691983123,1.18604729290548,2.1999999999999984,0.11333333333333329,0,89.0,0.95,0
18,2026-03-30,661.7142857142857,1.1552162849872776,1.2181815791664659,1.7999999999999983,3.013333333333332,0,90.0,0.95,0
18,2026-03-31,644.0,-0.17997097242380267,0.8179636502796414,1.7999999999999983,3.513333333333332,0,94.0,0.95,1
18,2026-04-01,613.0,-0.405607476635514,0.4528013064048015,1.7999999999999983,1.7133333333333312,0,81.0,0.73,1
18,2026-04-02,564.1428571428571,-0.4367816091954023,0.6339218289667221,1.7999999999999983,5.813333333333329,0,81.0,0.85,1
18,2026-04-03,598.1428571428571,0.5471264367816091,0.9684105359560754,7.499999999999998,0.7133333333333312,0,87.0,0.95,1
18,2026-04-04,626.8571428571429,0.5964391691394659,0.7726835196391613,14.899999999999999,0.3133333333333326,0,88.0,0.93,1
18,2026-04-05,590.5714285714286,-0.2524850894632207,1.0838018366205249,14.299999999999997,2.6133333333333333,0,87.0,0.95,1
18,2026-04-06,813.8571428571429,1.845336481700118,0.6938084533621958,54.0,3.013333333333332,0,89.0,0.93,1
18,2026-04-07,1309.5714285714287,6.1415929203539825,0.49077819016778484,106.1,-0.8866666666666667,0,90.0,0.74,1
18,2026-04-08,1597.7142857142858,6.3427672955974845,0.666056115227708,167.8,-5.58666666666667,0,94.0,0.91,1
18,2026-04-09,2649.0,16.687074829931973,0.9275123534420934,207.9,-1.6866666666666674,1,94.0,0.95,0
19,2026-03-11,462.0,0.0,0.45745746148308714,0.0,4.816666666666666,0,82.0,0.95,1
19,2026-03-12,498.5,0.0,0.5248193294377396,0.0,3.8166666666666664,0,80.0,0.95,0
19,2026-03-13,648.6666666666666,0.0,0.48661409089629487,0.0,2.3166666666666664,0,88.0,0.95,0
19,2026-03-14,669.5,0.0,0.7258995322874482,0.0,1.3166666666666664,0,81.0,0.95,0
19,2026-03-15,687.6,0.0,0.7520399586579103,11.3,-4.683333333333334,0,90.0,0.95,0
19,2026-03-16,631.0,0.0,0.3378147407875105,13.9,-6.083333333333332,0,89.0,0.74,0
19,2026-03-17,650.5714285714286,0.0,0.35792276107248133,13.9,-1.1833333333333336,0,81.0,0.78,0
19,2026-03-18,707.4285714285714,0.8614718614718615,0.8596178671825043,13.9,-0.9833333333333307,0,85.0,0.95,0
19,2026-03-19,678.4285714285714,-0.3794392523364486,0.32574992861652796,19.200000000000003,-6.083333333333332,0,97.0,0.79,0
19,2026-03-20,629.5714285714286,-0.3603793466807166,0.6002244055063802,20.900000000000002,-9.083333333333332,0,99.0,0.95,0
19,2026-03-21,638.7142857142857,0.08743169398907114,0.7892397961851063,20.900000000000002,-2.4833333333333307,0,100.0,0.95,0
19,2026-03-22,649.1428571428571,0.09605263157894739,0.8304612377692966,9.6,-0.8833333333333329,0,96.0,0.95,0
19,2026-03-23,713.2857142857143,1.2902298850574714,0.7982884053133432,7.200000000000001,-0.6833333333333336,0,89.0,0.95,0
19,2026-03-24,651.0,-0.5677083333333333,0.3227337255737823,7.200000000000001,0.9166666666666679,0,84.0,0.78,0
19,2026-03-25,624.1428571428571,-0.2186046511627907,0.664570070418287,7.200000000000001,2.3166666666666664,0,82.0,0.95,0
19,2026-03-26,690.2857142857143,1.394578313253012,0.792255999227852,2.0,3.7166666666666686,0,78.0,0.95,0
19,2026-03-27,864.7142857142857,2.011532125205931,0.7550561617006559,0.4,-0.08333333333333215,1,82.0,0.95,0
19,2026-03-28,875.4285714285714,0.0942211055276383,0.40216040569941724,0.4,2.0166666666666693,0,87.0,0.87,0
19,2026-03-29,869.8571428571429,-0.04681872749099636,0.792255999227852,0.9,0.11666666666666714,0,85.0,0.95,0
19,2026-03-30,851.0,-0.1656210790464241,0.6585376643327957,1.0,2.416666666666668,0,80.0,0.95,0
19,2026-03-31,856.4285714285714,0.1144578313253013,0.36093896411522697,1.0,3.116666666666667,0,89.0,0.8,0
19,2026-04-01,905.0,0.5059523809523809,0.7138347201164656,1.0999999999999999,1.3166666666666664,0,74.0,0.95,0
19,2026-04-02,938.7142857142857,0.2968553459119496,0.5218031263949939,1.0,5.716666666666665,0,73.0,0.95,0
19,2026-04-03,810.7142857142857,-0.4901531728665208,0.466506070611324,2.6,0.11666666666666714,0,81.0,0.89,0
19,2026-04-04,766.7142857142857,-0.35361653272101035,0.55900296392219,11.5,0.7166666666666686,0,87.0,0.95,0
19,2026-04-05,761.0,-0.05037783375314864,0.7550561617006559,11.0,3.0166666666666693,0,83.0,0.95,0
19,2026-04-06,719.1428571428571,-0.44060150375939855,0.3699875732434639,10.7,3.116666666666667,0,73.0,0.86,0
19,2026-04-07,735.4285714285714,0.30810810810810807,0.47756548176805796,23.5,-0.8833333333333329,0,91.0,0.95,0
19,2026-04-08,713.7142857142857,-0.15019762845849804,0.8505692580542675,31.900000000000002,-5.883333333333333,0,94.0,0.95,0
19,2026-04-09,624.0,-0.609117361784675,0.396127999613926,31.900000000000002,-1.8833333333333329,0,90.0,0.84,0
20,2026-03-11,361.0,0.0,0.21568794485638626,0.0,5.656666666666666,0,86.0,0.82,1
20,2026-03-12,602.5,0.0,0.5075010467209088,0.0,3.556666666666672,0,87.0,0.95,0
20,2026-03-13,688.3333333333334,0.0,0.5147510616740647,0.0,1.3566666666666691,0,95.0,0.95,0
20,2026-03-14,640.75,0.0,0.2954381093411005,0.0,1.7566666666666677,0,82.0,0.92,0
20,2026-03-15,636.8,0.0,0.36975076261094786,18.2,-3.2433333333333323,0,96.0,0.95,0
20,2026-03-16,641.1666666666666,0.0,0.39331331120870433,18.7,-5.5433333333333294,0,96.0,0.95,0
20,2026-03-17,704.4285714285714,0.0,0.36612575513436996,18.7,-2.2433333333333323,0,89.0,0.95,0
20,2026-03-18,745.5714285714286,0.7977839335180055,0.3842507925172595,19.8,-1.8433333333333302,0,90.0,0.95,0
20,2026-03-19,708.2857142857143,-0.30924170616113744,0.34800071775148034,39.6,-7.0433333333333294,0,98.0,0.95,0
20,2026-03-20,670.8571428571429,-0.3046511627906977,0.35343822896634725,45.0,-8.14333333333333,0,99.0,0.95,1
20,2026-03-21,726.8571428571429,0.7871485943775101,0.5328760990569543,45.0,-3.143333333333331,0,100.0,0.95,1
20,2026-03-22,760.8571428571429,0.38325281803542666,0.5147510616740647,26.800000000000004,-0.8433333333333302,0,93.0,0.95,1
20,2026-03-23,792.2857142857143,0.3318250377073906,0.5292510915803763,27.300000000000004,-1.0433333333333294,0,87.0,0.95,0
20,2026-03-24,739.0,-0.34409594095940954,0.4223133710213277,27.300000000000004,1.7566666666666677,0,91.0,0.95,1
20,2026-03-25,764.4285714285714,0.27426810477657937,0.4966260242911751,26.200000000000003,2.65666666666667,0,87.0,0.95,1
20,2026-03-26,880.7142857142857,1.3962264150943398,0.3878757999938375,6.7,3.356666666666669,0,80.0,0.95,0
20,2026-03-27,1043.5714285714287,1.9063545150501673,0.4259383784979056,1.4,0.05666666666666842,0,80.0,0.95,0
20,2026-03-28,1101.4285714285713,0.4550561797752808,0.32443816915372387,1.4,2.7566666666666677,0,85.0,0.95,0
20,2026-03-29,1169.0,0.550640279394645,0.44406341588079523,3.0999999999999996,1.8566666666666691,0,80.0,0.95,0
20,2026-03-30,1185.7142857142858,0.13250283125707818,0.4422509121425063,3.4,2.7566666666666677,0,91.0,0.95,0
20,2026-03-31,1298.142857142857,1.1068917018284106,0.36068824391950305,4.1,2.5566666666666684,0,87.0,0.95,0
20,2026-04-01,1243.7142857142858,-0.4607013301088271,0.26100053831361025,4.1,0.5566666666666684,0,92.0,0.86,0
20,2026-04-02,1296.0,0.2619899785254116,0.4640009570019738,3.8,4.556666666666672,0,80.0,0.95,0
20,2026-04-03,1121.7142857142858,-0.7019562715765247,0.3081256355091232,9.4,0.6566666666666698,0,95.0,0.95,0
20,2026-04-04,1011.5714285714286,-0.5953667953667954,0.3099381392474122,14.1,-0.04333333333332945,0,95.0,0.95,0
20,2026-04-05,865.7142857142857,-0.7665165165165165,0.18487538130547393,13.3,0.9566666666666706,0,94.0,0.76,0
20,2026-04-06,798.1428571428571,-0.473,0.3135631467239901,12.0,3.356666666666669,0,77.0,0.95,1
20,2026-04-07,697.7142857142857,-0.4692923898531375,0.34800071775148034,22.200000000000003,-1.6433333333333309,0,93.0,0.95,1
20,2026-04-08,930.1428571428571,3.647982062780269,0.5165635654123536,24.400000000000002,-3.9433333333333316,1,97.0,0.95,1
20,2026-04-09,910.2857142857143,-0.0788428814520703,0.4186883635447498,25.3,-1.4433333333333316,0,95.0,0.95,0
21,2026-03-11,1741.0,0.0,1.502506900099623,0.0,5.676666666666666,1,95.0,0.95,0
21,2026-03-12,1202.5,0.0,1.0729859058320133,0.4,4.176666666666666,0,84.0,0.95,0
21,2026-03-13,1190.0,0.0,0.9455994512583497,0.4,1.5766666666666644,0,90.0,0.95,0
21,2026-03-14,1048.0,0.0,0.5765053649295292,0.4,0.976666666666663,0,82.0,0.84,0
21,2026-03-15,1065.8,0.0,1.4420799921608336,1.2000000000000002,-3.523333333333337,0,98.0,0.95,0
21,2026-03-16,983.5,0.0,0.9260015351700936,3.3000000000000003,-7.923333333333336,0,96.0,0.95,0
21,2026-03-17,918.4285714285714,0.0,0.5111789779686761,3.3000000000000003,-1.523333333333337,0,87.0,0.8,0
21,2026-03-18,778.2857142857143,-0.5634692705341757,1.2297692345380609,3.4000000000000004,-4.423333333333336,0,92.0,0.95,0
21,2026-03-19,737.8571428571429,-0.4262048192771084,0.6173343567800624,13.5,-7.123333333333335,0,95.0,0.85,0
21,2026-03-20,664.0,-0.4437768240343347,1.0370563930035441,17.0,-8.323333333333334,0,98.0,0.95,0
21,2026-03-21,785.2857142857143,1.364951768488746,1.051754830069736,17.0,-2.623333333333335,0,100.0,0.95,0
21,2026-03-22,679.7142857142857,-0.6499560246262093,0.6320327938462544,16.2,-1.6233333333333348,0,95.0,0.88,0
21,2026-03-23,719.1428571428571,0.4825174825174825,1.3767536051999805,15.0,-0.42333333333333556,0,87.0,0.95,0
21,2026-03-24,752.5714285714286,0.4431818181818181,1.0174584769152881,15.0,1.7766666666666637,0,91.0,0.95,0
21,2026-03-25,736.2857142857143,-0.15000000000000002,1.0419558720256081,14.9,1.7766666666666637,0,94.0,0.95,0
21,2026-03-26,748.2857142857143,0.22047244094488194,0.7430876516797048,4.4,3.2766666666666637,0,83.0,0.87,0
21,2026-03-27,852.5714285714286,1.126543209876543,1.3604220084597671,0.9,0.476666666666663,0,87.0,0.95,0
21,2026-03-28,714.1428571428571,-0.6587355540448674,0.7986150805964299,0.9,2.2766666666666637,0,84.0,0.95,0
21,2026-03-29,753.8571428571429,0.6984924623115578,1.0974833009423333,2.7,0.37666666666666515,0,83.0,0.95,0
21,2026-03-30,737.8571428571429,-0.13207547169811318,1.1840407636654637,4.699999999999999,3.476666666666663,0,90.0,0.95,0
21,2026-03-31,798.7142857142857,0.5590551181102361,1.1138148976825466,4.699999999999999,3.976666666666663,0,92.0,0.95,0
21,2026-04-01,807.5714285714286,0.09597523219814241,0.5961032810177852,4.699999999999999,1.7766666666666637,0,86.0,0.79,0
21,2026-04-02,793.2857142857143,-0.21505376344086025,0.5765053649295292,4.699999999999999,6.276666666666667,0,77.0,0.78,0
21,2026-04-03,693.8571428571429,-0.5050798258345428,1.1072822589864613,8.4,0.476666666666663,0,91.0,0.95,0
21,2026-04-04,679.1428571428571,-0.20517928286852594,0.6320327938462544,13.6,0.8766666666666652,0,90.0,0.82,0
21,2026-04-05,645.5714285714286,-0.3476331360946746,0.7022586598291716,12.6,2.476666666666663,0,90.0,0.84,1
21,2026-04-06,665.7142857142857,0.19157608695652173,1.4175825970505138,9.7,3.0766666666666644,0,89.0,0.95,1
21,2026-04-07,628.8571428571429,-0.21717171717171713,1.497607421077559,29.7,-1.2233333333333363,0,91.0,0.95,1
21,2026-04-08,772.7142857142857,1.422316384180791,1.1579102088811224,39.4,-4.423333333333336,1,92.0,0.95,0
21,2026-04-09,848.7142857142857,1.4575342465753423,1.4469794711828976,39.699999999999996,-1.6233333333333348,0,95.0,0.95,0
22,2026-03-11,565.0,0.0,0.49123502737965413,0.0,4.823333333333338,0,92.0,0.95,1
22,2026-03-12,714.5,0.0,0.7654334881170247,6.3,1.2233333333333363,0,94.0,0.95,1
22,2026-03-13,633.0,0.0,0.41442373218938094,6.3,1.523333333333337,0,93.0,0.94,1
22,2026-03-14,588.5,0.0,0.39388117649895904,6.3,0.6233333333333348,0,78.0,0.88,1
22,2026-03-15,643.0,0.0,0.4572951527606962,17.6,-4.176666666666662,0,97.0,0.95,0
22,2026-03-16,673.1666666666666,0.0,0.7288141497123596,28.1,-7.476666666666663,0,96.0,0.95,0
22,2026-03-17,648.1428571428571,0.0,0.44300467923692444,28.1,-0.6766666666666623,0,92.0,0.95,0
22,2026-03-18,791.7142857142857,1.7787610619469025,0.8395653195215907,32.7,-6.876666666666665,1,87.0,0.95,0
22,2026-03-19,779.0,-0.1030092592592593,0.6886221929267515,36.7,-7.276666666666664,0,97.0,0.95,0
22,2026-03-20,801.0,0.327659574468085,0.545717457689034,42.5,-4.576666666666664,0,99.0,0.95,0
22,2026-03-21,839.5714285714286,0.5934065934065933,0.29384786183255673,42.5,-2.2766666666666637,0,97.0,0.78,0
22,2026-03-22,791.1428571428571,-0.39372822299651566,0.4537225343797533,31.2,-0.6766666666666623,0,92.0,0.94,0
22,2026-03-23,801.5714285714286,0.08859223300970864,0.4367525970702743,21.4,0.8233333333333377,0,90.0,0.94,0
22,2026-03-24,822.4285714285714,0.2931726907630523,0.5680463225699274,21.4,3.023333333333337,0,92.0,0.95,0
22,2026-03-25,769.7142857142857,-0.2350318471337579,0.7082715940219377,16.799999999999997,2.523333333333337,0,91.0,0.95,0
22,2026-03-26,768.1428571428571,-0.014193548387096744,0.6743317194029798,6.7,2.4233333333333356,0,86.0,0.95,0
22,2026-03-27,765.4285714285714,-0.03044871794871795,0.5314269841652622,0.8999999999999999,1.4233333333333356,0,85.0,0.95,0
22,2026-03-28,792.1428571428571,0.25793103448275856,0.8109843724740472,0.8999999999999999,3.123333333333335,0,82.0,0.95,0
22,2026-03-29,789.8571428571429,-0.03065134099616862,0.44836360680833887,4.8,1.2233333333333363,0,89.0,0.91,0
22,2026-03-30,793.5714285714286,0.02898550724637672,0.8199159184264045,10.899999999999999,3.3233333333333377,0,86.0,0.95,0
22,2026-03-31,819.0,0.27639751552795033,0.4028127224513164,11.299999999999999,3.9233333333333356,0,88.0,0.92,0
22,2026-04-01,709.0,-0.6411323896752705,0.3769112391894801,11.4,2.4233333333333356,0,84.0,0.85,0
22,2026-04-02,661.0,-0.4397905759162304,0.3742317754037729,11.200000000000001,6.323333333333338,0,78.0,0.84,0
22,2026-04-03,689.4285714285714,0.3289256198347108,0.7055921302362305,23.5,-2.5766666666666644,0,96.0,0.95,0
22,2026-04-04,673.4285714285714,-0.1228070175438597,0.7082715940219377,31.700000000000003,-0.976666666666663,0,97.0,0.95,0
22,2026-04-05,686.0,0.17391304347826098,0.3742317754037729,27.800000000000004,1.9233333333333356,0,96.0,0.87,0
22,2026-04-06,656.2857142857143,-0.22535211267605637,0.6314602988316645,21.0,3.3233333333333377,0,82.0,0.95,0
22,2026-04-07,670.7142857142857,0.12287104622871037,0.8145569908549901,36.8,-1.6766666666666623,0,92.0,0.95,0
22,2026-04-08,698.4285714285714,0.45011600928074236,0.5537558490461556,40.1,-3.376666666666665,0,96.0,0.95,0
22,2026-04-09,691.1428571428571,-0.11915887850467288,0.3286808910467504,40.8,-1.3766666666666652,0,94.0,0.85,0
